pl_name,discoverymethod,disc_facility,pl_rade,pl_eqt,st_teff
"HD 40307 b","Radial Velocity","La Silla Observatory",,,
"HD 40307 b","Radial Velocity","La Silla Observatory",,,4977.00
"HD 40307 b","Radial Velocity","La Silla Observatory",,,4956.00
"HD 40307 b","Radial Velocity","La Silla Observatory",,910.00,4867.44
"HD 40307 c","Radial Velocity","La Silla Observatory",,,
"HD 40307 c","Radial Velocity","La Silla Observatory",,,4977.00
"HD 40307 c","Radial Velocity","La Silla Observatory",,,4956.00
"HD 40307 c","Radial Velocity","La Silla Observatory",,696.00,4867.44
"HD 40307 d","Radial Velocity","La Silla Observatory",,,4956.00
"HD 40307 d","Radial Velocity","La Silla Observatory",,,
"HD 40307 d","Radial Velocity","La Silla Observatory",,,4977.00
"HD 40307 d","Radial Velocity","La Silla Observatory",,541.00,4867.44
"HD 41004 A b","Radial Velocity","La Silla Observatory",,,
"HD 41004 B b","Radial Velocity","La Silla Observatory",,,
"HD 41004 B b","Radial Velocity","La Silla Observatory",,,
"HD 4113 b","Radial Velocity","La Silla Observatory",,,
"HD 4113 b","Radial Velocity","La Silla Observatory",,,5688.00
"HD 4113 b","Radial Velocity","La Silla Observatory",,,5688.00
"HD 4308 b","Radial Velocity","La Silla Observatory",,,5685.00
"HD 4308 b","Radial Velocity","La Silla Observatory",,,5686.00
"HD 43197 b","Radial Velocity","La Silla Observatory",,,5508.00
"HD 43197 b","Radial Velocity","La Silla Observatory",,,
"HD 44219 b","Radial Velocity","La Silla Observatory",,,5752.00
"HD 44219 b","Radial Velocity","La Silla Observatory",,,
"HD 45184 b","Radial Velocity","La Silla Observatory",,,5869.00
"HD 45184 b","Radial Velocity","La Silla Observatory",,,5820.13
"HD 45364 b","Radial Velocity","La Silla Observatory",,,5434.00
"HD 45364 b","Radial Velocity","La Silla Observatory",,,5466.00
"HD 45364 c","Radial Velocity","La Silla Observatory",,,5466.00
"HD 45364 c","Radial Velocity","La Silla Observatory",,,5434.00
"HD 47186 b","Radial Velocity","La Silla Observatory",,,
"HD 47186 b","Radial Velocity","La Silla Observatory",,,5657.00
"HD 47186 c","Radial Velocity","La Silla Observatory",,,
"HD 47536 b","Radial Velocity","La Silla Observatory",,,
"HD 47536 b","Radial Velocity","La Silla Observatory",,,4380.00
"HD 51608 b","Radial Velocity","La Silla Observatory",,,5358.00
"HD 51608 c","Radial Velocity","La Silla Observatory",,,5358.00
"HD 60532 b","Radial Velocity","La Silla Observatory",,,6245.00
"HD 60532 b","Radial Velocity","La Silla Observatory",,,6095.00
"HD 60532 c","Radial Velocity","La Silla Observatory",,,6245.00
"HD 60532 c","Radial Velocity","La Silla Observatory",,,6095.00
"HD 63454 b","Radial Velocity","La Silla Observatory",,,4812.00
"HD 63454 b","Radial Velocity","La Silla Observatory",,,4841.00
"HD 63454 b","Radial Velocity","La Silla Observatory",12.31000000,,4840.00
"HD 63765 b","Radial Velocity","La Silla Observatory",,,5449.00
"HD 63765 b","Radial Velocity","La Silla Observatory",,,5432.00
"HD 6434 b","Radial Velocity","La Silla Observatory",,,5835.00
"HD 6434 b","Radial Velocity","La Silla Observatory",,,5769.00
"HD 6434 b","Radial Velocity","La Silla Observatory",,,5690.00
"HD 65216 b","Radial Velocity","La Silla Observatory",,,5612.00
"HD 65216 b","Radial Velocity","La Silla Observatory",,,5645.00
"HD 65216 b","Radial Velocity","La Silla Observatory",,,5666.00
"HD 65216 b","Radial Velocity","La Silla Observatory",,,5623.44
"HD 69830 b","Radial Velocity","La Silla Observatory",,,5385.00
"HD 69830 b","Radial Velocity","La Silla Observatory",,,5420.58
"HD 69830 b","Radial Velocity","La Silla Observatory",,,5423.00
"HD 69830 c","Radial Velocity","La Silla Observatory",,,5420.58
"HD 69830 c","Radial Velocity","La Silla Observatory",,,5423.00
"HD 69830 c","Radial Velocity","La Silla Observatory",,,5385.00
"HD 69830 d","Radial Velocity","La Silla Observatory",,,5420.58
"HD 69830 d","Radial Velocity","La Silla Observatory",,,5423.00
"HD 69830 d","Radial Velocity","La Silla Observatory",,,5385.00
"HD 70573 b","Radial Velocity","La Silla Observatory",,,5737.00
"HD 7199 b","Radial Velocity","La Silla Observatory",,,5371.00
"HD 7199 b","Radial Velocity","La Silla Observatory",,,
"HD 7199 b","Radial Velocity","La Silla Observatory",,,5386.00
"HD 73267 b","Radial Velocity","La Silla Observatory",,,5317.00
"HD 73267 b","Radial Velocity","La Silla Observatory",,,5387.00
"HD 73267 b","Radial Velocity","La Silla Observatory",,,
"HD 73267 b","Radial Velocity","La Silla Observatory",,,5317.00
"HD 7449 b","Radial Velocity","La Silla Observatory",,,6024.00
"HD 7449 b","Radial Velocity","La Silla Observatory",,,6047.00
"HD 7449 b","Radial Velocity","La Silla Observatory",,,6032.60
"HD 7449 b","Radial Velocity","La Silla Observatory",,,
"HD 7449 b","Radial Velocity","La Silla Observatory",,,6024.00
"HD 75289 b","Radial Velocity","La Silla Observatory",,,6095.00
"HD 75289 b","Radial Velocity","La Silla Observatory",,1260.00,6000.00
"HD 75289 b","Radial Velocity","La Silla Observatory",,,
"HD 75289 b","Radial Velocity","La Silla Observatory",,,6117.00
"HD 82943 b","Radial Velocity","La Silla Observatory",,,5935.00
"HD 82943 b","Radial Velocity","La Silla Observatory",,,5918.31
"HD 82943 b","Radial Velocity","La Silla Observatory",,,6005.00
"HD 82943 b","Radial Velocity","La Silla Observatory",,,6011.00
"HD 82943 b","Radial Velocity","La Silla Observatory",,,5935.00
"HD 82943 c","Radial Velocity","La Silla Observatory",,,5935.00
"HD 82943 c","Radial Velocity","La Silla Observatory",,,5918.31
"HD 82943 c","Radial Velocity","La Silla Observatory",,,6011.00
"HD 82943 c","Radial Velocity","La Silla Observatory",,,5935.00
"HD 82943 c","Radial Velocity","La Silla Observatory",,,6005.00
"HD 8535 b","Radial Velocity","La Silla Observatory",,,6136.00
"HD 85390 b","Radial Velocity","La Silla Observatory",,,5164.00
"HD 85390 b","Radial Velocity","La Silla Observatory",,,5186.00
"HD 85390 b","Radial Velocity","La Silla Observatory",,,5186.00
"HD 90156 b","Radial Velocity","La Silla Observatory",,,5629.62
"HD 90156 b","Radial Velocity","La Silla Observatory",,,5599.00
"HD 93083 b","Radial Velocity","La Silla Observatory",,,4995.00
"HIP 12961 b","Radial Velocity","La Silla Observatory",,,3986.00
"HIP 12961 b","Radial Velocity","La Silla Observatory",,,3901.00
"HIP 5158 b","Radial Velocity","La Silla Observatory",,,4813.00
"HIP 5158 b","Radial Velocity","La Silla Observatory",,,4962.00
"HIP 5158 b","Radial Velocity","La Silla Observatory",,,4813.00
"HIP 70849 b","Radial Velocity","La Silla Observatory",,,
"HIP 70849 b","Radial Velocity","La Silla Observatory",,,4105.00
"HIP 70849 b","Radial Velocity","La Silla Observatory",,,
"HR 810 b","Radial Velocity","La Silla Observatory",,,
"HR 810 b","Radial Velocity","La Silla Observatory",,,
"HR 810 b","Radial Velocity","La Silla Observatory",,,
"HR 810 b","Radial Velocity","La Silla Observatory",,,6157.00
"HR 810 b","Radial Velocity","La Silla Observatory",,,6167.00
"BD-13 2130 b","Radial Velocity","La Silla Observatory",,,
"BD-13 2130 b","Radial Velocity","La Silla Observatory",,,4545.00
"BD-08 2823 b","Radial Velocity","La Silla Observatory",,,
"BD-08 2823 b","Radial Velocity","La Silla Observatory",,,4816.00
"BD-08 2823 b","Radial Velocity","La Silla Observatory",,,4746.00
"BD-08 2823 c","Radial Velocity","La Silla Observatory",,,4746.00
"BD-17 63 b","Radial Velocity","La Silla Observatory",,,
"BD-17 63 b","Radial Velocity","La Silla Observatory",,,
"BD-17 63 b","Radial Velocity","La Silla Observatory",,,4714.00
"BD-17 63 b","Radial Velocity","La Silla Observatory",,,4665.00
"GJ 3021 b","Radial Velocity","La Silla Observatory",,350.00,5540.00
"GJ 3634 b","Radial Velocity","La Silla Observatory",,,
"GJ 433 b","Radial Velocity","La Silla Observatory",,,3461.00
"GJ 433 b","Radial Velocity","La Silla Observatory",,,3472.00
"GJ 433 b","Radial Velocity","La Silla Observatory",,,
"GJ 433 b","Radial Velocity","La Silla Observatory",,,3600.00
"GJ 667 C b","Radial Velocity","La Silla Observatory",,,
"GJ 667 C b","Radial Velocity","La Silla Observatory",,,
"GJ 667 C b","Radial Velocity","La Silla Observatory",,,3650.00
"GJ 667 C b","Radial Velocity","La Silla Observatory",,,3650.00
"GJ 667 C b","Radial Velocity","La Silla Observatory",,,3350.00
"GJ 667 C c","Radial Velocity","La Silla Observatory",,,3350.00
"GJ 667 C c","Radial Velocity","La Silla Observatory",,,
"GJ 667 C c","Radial Velocity","La Silla Observatory",,,3650.00
"GJ 667 C c","Radial Velocity","La Silla Observatory",,,3650.00
"GJ 674 b","Radial Velocity","La Silla Observatory",,,3600.00
"GJ 676 A b","Radial Velocity","La Silla Observatory",,,
"GJ 676 A b","Radial Velocity","La Silla Observatory",,,
"GJ 676 A b","Radial Velocity","La Silla Observatory",,,3734.00
"GJ 676 A b","Radial Velocity","La Silla Observatory",,,
"GJ 676 A b","Radial Velocity","La Silla Observatory",,,
"GJ 581 b","Radial Velocity","La Silla Observatory",,,3396.00
"GJ 581 b","Radial Velocity","La Silla Observatory",,,
"GJ 581 b","Radial Velocity","La Silla Observatory",,,
"GJ 581 b","Radial Velocity","La Silla Observatory",,,3500.00
"GJ 581 b","Radial Velocity","La Silla Observatory",,,3490.39
"GJ 581 b","Radial Velocity","La Silla Observatory",,,3396.00
"GJ 581 b","Radial Velocity","La Silla Observatory",,,
"GJ 581 c","Radial Velocity","La Silla Observatory",,,
"GJ 581 c","Radial Velocity","La Silla Observatory",,,3500.00
"GJ 581 c","Radial Velocity","La Silla Observatory",,,3396.00
"GJ 581 c","Radial Velocity","La Silla Observatory",,,
"GJ 581 c","Radial Velocity","La Silla Observatory",,,3490.39
"GJ 581 c","Radial Velocity","La Silla Observatory",,,3396.00
"GJ 581 e","Radial Velocity","La Silla Observatory",,,3396.00
"GJ 581 e","Radial Velocity","La Silla Observatory",,,
"GJ 581 e","Radial Velocity","La Silla Observatory",,,3500.00
"GJ 581 e","Radial Velocity","La Silla Observatory",,,
"GJ 581 e","Radial Velocity","La Silla Observatory",,,3396.00
"GJ 86 b","Radial Velocity","La Silla Observatory",,,
"GJ 86 b","Radial Velocity","La Silla Observatory",,,5182.00
"GJ 86 b","Radial Velocity","La Silla Observatory",,,5151.00
"HD 100777 b","Radial Velocity","La Silla Observatory",,,5582.00
"HD 100777 b","Radial Velocity","La Silla Observatory",,,
"HD 100777 b","Radial Velocity","La Silla Observatory",,,5533.00
"HD 10180 c","Radial Velocity","La Silla Observatory",,,5911.00
"HD 10180 c","Radial Velocity","La Silla Observatory",,,
"HD 10180 c","Radial Velocity","La Silla Observatory",,,5911.00
"HD 10180 d","Radial Velocity","La Silla Observatory",,,5911.00
"HD 10180 d","Radial Velocity","La Silla Observatory",,,
"HD 10180 d","Radial Velocity","La Silla Observatory",,,5911.00
"HD 10180 e","Radial Velocity","La Silla Observatory",,,5911.00
"HD 10180 e","Radial Velocity","La Silla Observatory",,,5911.00
"HD 10180 f","Radial Velocity","La Silla Observatory",,,5911.00
"HD 10180 f","Radial Velocity","La Silla Observatory",,,5911.00
"HD 10180 g","Radial Velocity","La Silla Observatory",,,5911.00
"HD 10180 g","Radial Velocity","La Silla Observatory",,,5911.00
"HD 10180 g","Radial Velocity","La Silla Observatory",,,
"HD 10180 h","Radial Velocity","La Silla Observatory",,,5911.00
"HD 10180 h","Radial Velocity","La Silla Observatory",,,5911.00
"HD 101930 b","Radial Velocity","La Silla Observatory",,,5079.00
"HD 101930 b","Radial Velocity","La Silla Observatory",,,5108.00
"HD 102117 b","Radial Velocity","La Silla Observatory",,,5667.88
"HD 102117 b","Radial Velocity","La Silla Observatory",,,5655.00
"HD 102117 b","Radial Velocity","La Silla Observatory",,,5695.00
"HD 102117 b","Radial Velocity","La Silla Observatory",,,5429.00
"HD 102117 b","Radial Velocity","La Silla Observatory",,,5672.00
"HD 103197 b","Radial Velocity","La Silla Observatory",,,5303.00
"HD 103197 b","Radial Velocity","La Silla Observatory",,,5250.00
"HD 104067 b","Radial Velocity","La Silla Observatory",,,4952.00
"HD 104067 b","Radial Velocity","La Silla Observatory",,,4939.01
"HD 104067 b","Radial Velocity","La Silla Observatory",,,4937.00
"HD 104067 b","Radial Velocity","La Silla Observatory",,,4969.00
"HD 108147 b","Radial Velocity","La Silla Observatory",,,6255.73
"HD 108147 b","Radial Velocity","La Silla Observatory",,890.00,6265.00
"HD 110014 b","Radial Velocity","La Silla Observatory",,,
"HD 110014 b","Radial Velocity","La Silla Observatory",,,
"HD 110014 b","Radial Velocity","La Silla Observatory",,,4445.00
"HD 111232 b","Radial Velocity","La Silla Observatory",,,5494.00
"HD 111232 b","Radial Velocity","La Silla Observatory",,,
"HD 111232 b","Radial Velocity","La Silla Observatory",,,
"HD 111232 b","Radial Velocity","La Silla Observatory",,,5512.00
"HD 111232 b","Radial Velocity","La Silla Observatory",,,5494.00
"HD 111232 b","Radial Velocity","La Silla Observatory",,,
"HD 113538 b","Radial Velocity","La Silla Observatory",,,4462.00
"HD 113538 b","Radial Velocity","La Silla Observatory",,,4685.00
"HD 113538 c","Radial Velocity","La Silla Observatory",,,4685.00
"HD 113538 c","Radial Velocity","La Silla Observatory",,,4462.00
"HD 114386 b","Radial Velocity","La Silla Observatory",,,4836.00
"HD 114386 b","Radial Velocity","La Silla Observatory",,,4804.00
"HD 114386 b","Radial Velocity","La Silla Observatory",,,4895.00
"HD 11977 b","Radial Velocity","La Silla Observatory",,,
"HD 11977 b","Radial Velocity","La Silla Observatory",,,4970.00
"HD 11977 b","Radial Velocity","La Silla Observatory",,,
"HD 121504 b","Radial Velocity","La Silla Observatory",,,6075.00
"HD 121504 b","Radial Velocity","La Silla Observatory",,,6027.00
"HD 125595 b","Radial Velocity","La Silla Observatory",,,4908.00
"HD 125595 b","Radial Velocity","La Silla Observatory",,,
"HD 125595 b","Radial Velocity","La Silla Observatory",,,4691.00
"HD 125612 c","Radial Velocity","La Silla Observatory",,,
"HD 125612 c","Radial Velocity","La Silla Observatory",,,5841.00
"HD 125612 c","Radial Velocity","La Silla Observatory",,,5900.00
"HD 125612 d","Radial Velocity","La Silla Observatory",,,
"HD 125612 d","Radial Velocity","La Silla Observatory",,,5900.00
"HD 125612 d","Radial Velocity","La Silla Observatory",,,5841.00
"HD 126525 b","Radial Velocity","La Silla Observatory",,,5638.00
"HD 130322 b","Radial Velocity","La Silla Observatory",,720.00,5330.00
"HD 130322 b","Radial Velocity","La Silla Observatory",,,5387.00
"HD 130322 b","Radial Velocity","La Silla Observatory",,,
"HD 130322 b","Radial Velocity","La Silla Observatory",,,5400.49
"HD 130322 b","Radial Velocity","La Silla Observatory",,,5308.00
"HD 134060 b","Radial Velocity","La Silla Observatory",,,5966.00
"HD 134060 c","Radial Velocity","La Silla Observatory",,,5966.00
"HD 136352 b","Radial Velocity","La Silla Observatory",1.66400000,905.00,5664.00
"HD 136352 b","Radial Velocity","La Silla Observatory",1.48200000,911.00,5850.00
"HD 136352 b","Radial Velocity","La Silla Observatory",1.64300000,,5664.00
"HD 136352 b","Radial Velocity","La Silla Observatory",,,5664.00
"HD 136352 b","Radial Velocity","La Silla Observatory",1.54221286,806.33,5739.00
"HD 136352 b","Radial Velocity","La Silla Observatory",,,5685.00
"HD 136352 c","Radial Velocity","La Silla Observatory",2.60800000,682.00,5850.00
"HD 136352 c","Radial Velocity","La Silla Observatory",2.70502784,603.66,5739.00
"HD 136352 c","Radial Velocity","La Silla Observatory",,,5685.00
"HD 136352 c","Radial Velocity","La Silla Observatory",2.85700000,,5664.00
"HD 136352 c","Radial Velocity","La Silla Observatory",,,5664.00
"HD 136352 c","Radial Velocity","La Silla Observatory",2.91600000,677.00,5664.00
"HD 136352 d","Radial Velocity","La Silla Observatory",2.56200000,431.00,5664.00
"HD 136352 d","Radial Velocity","La Silla Observatory",1.62083261,1091.64,5739.00
"HD 136352 d","Radial Velocity","La Silla Observatory",,,5685.00
"HD 136352 d","Radial Velocity","La Silla Observatory",,433.30,5850.00
"HD 136352 d","Radial Velocity","La Silla Observatory",2.50700000,,5664.00
"HD 136352 d","Radial Velocity","La Silla Observatory",,,5664.00
"HD 137388 b","Radial Velocity","La Silla Observatory",,,5240.00
"HD 137388 b","Radial Velocity","La Silla Observatory",,,5181.00
"HD 13808 b","Radial Velocity","La Silla Observatory",,,5035.00
"HD 13808 c","Radial Velocity","La Silla Observatory",,,5035.00
"HD 141937 b","Radial Velocity","La Silla Observatory",,,5925.00
"HD 141937 b","Radial Velocity","La Silla Observatory",,,5870.00
"HD 141937 b","Radial Velocity","La Silla Observatory",,,5879.00
"HD 141937 b","Radial Velocity","La Silla Observatory",,,
"HD 142022 A b","Radial Velocity","La Silla Observatory",,,5421.00
"HD 142022 A b","Radial Velocity","La Silla Observatory",,,5499.00
"HD 142022 A b","Radial Velocity","La Silla Observatory",,,5499.00
"HD 142415 b","Radial Velocity","La Silla Observatory",,,5940.00
"HD 142415 b","Radial Velocity","La Silla Observatory",,,6045.00
"HD 145377 b","Radial Velocity","La Silla Observatory",,,6046.00
"HD 145377 b","Radial Velocity","La Silla Observatory",,,6014.00
"HD 1461 c","Radial Velocity","La Silla Observatory",,,5695.23
"HD 1461 c","Radial Velocity","La Silla Observatory",,,5765.00
"HD 147018 b","Radial Velocity","La Silla Observatory",,,5441.00
"HD 147018 c","Radial Velocity","La Silla Observatory",,,5441.00
"HD 147513 b","Radial Velocity","La Silla Observatory",,,5883.00
"HD 148156 b","Radial Velocity","La Silla Observatory",,,6308.00
"HD 153950 b","Radial Velocity","La Silla Observatory",,,6124.00
"HD 153950 b","Radial Velocity","La Silla Observatory",,,6076.00
"HD 156411 b","Radial Velocity","La Silla Observatory",,,5900.00
"HD 156846 b","Radial Velocity","La Silla Observatory",,,6090.00
"HD 156846 b","Radial Velocity","La Silla Observatory",,,6138.00
"HD 156846 b","Radial Velocity","La Silla Observatory",,,5969.00
"HD 160691 d","Radial Velocity","La Silla Observatory",,,5761.00
"HD 160691 d","Radial Velocity","La Silla Observatory",,,
"HD 160691 d","Radial Velocity","La Silla Observatory",,,5771.56
"HD 160691 d","Radial Velocity","La Silla Observatory",,900.00,5813.00
"HD 160691 d","Radial Velocity","La Silla Observatory",,,5773.00
"HD 160691 e","Radial Velocity","La Silla Observatory",,,
"HD 160691 e","Radial Velocity","La Silla Observatory",,,5773.00
"HD 160691 e","Radial Velocity","La Silla Observatory",,,5761.00
"HD 160691 e","Radial Velocity","La Silla Observatory",,,5771.56
"HD 162020 b","Radial Velocity","La Silla Observatory",,650.00,4830.00
"HD 162020 b","Radial Velocity","La Silla Observatory",,,4723.00
"HD 168746 b","Radial Velocity","La Silla Observatory",,,5570.00
"HD 168746 b","Radial Velocity","La Silla Observatory",,,5618.88
"HD 168746 b","Radial Velocity","La Silla Observatory",,900.00,5610.00
"HD 168746 b","Radial Velocity","La Silla Observatory",,,5564.00
"HD 1690 b","Radial Velocity","La Silla Observatory",,,4393.00
"HD 1690 b","Radial Velocity","La Silla Observatory",,,4374.00
"HD 169830 b","Radial Velocity","La Silla Observatory",,,6179.26
"HD 169830 b","Radial Velocity","La Silla Observatory",,,6299.00
"HD 169830 b","Radial Velocity","La Silla Observatory",,,
"HD 169830 b","Radial Velocity","La Silla Observatory",,345.00,6300.00
"HD 169830 c","Radial Velocity","La Silla Observatory",,,6299.00
"HD 169830 c","Radial Velocity","La Silla Observatory",,,
"HD 169830 c","Radial Velocity","La Silla Observatory",,,
"HD 169830 c","Radial Velocity","La Silla Observatory",,,6179.26
"HD 169830 c","Radial Velocity","La Silla Observatory",,,
"HD 171028 b","Radial Velocity","La Silla Observatory",,,5671.00
"HD 171028 b","Radial Velocity","La Silla Observatory",,,
"HD 171238 b","Radial Velocity","La Silla Observatory",,,5440.00
"HD 171238 b","Radial Velocity","La Silla Observatory",,,
"HD 171238 b","Radial Velocity","La Silla Observatory",,,5467.00
"HD 181433 b","Radial Velocity","La Silla Observatory",,,4962.00
"HD 181433 b","Radial Velocity","La Silla Observatory",,,4918.00
"HD 181433 b","Radial Velocity","La Silla Observatory",,,
"HD 181433 b","Radial Velocity","La Silla Observatory",,,4962.00
"HD 181433 b","Radial Velocity","La Silla Observatory",,,4929.63
"HD 181433 b","Radial Velocity","La Silla Observatory",,,
"HD 181433 c","Radial Velocity","La Silla Observatory",,,
"HD 181433 c","Radial Velocity","La Silla Observatory",,,4929.63
"HD 181433 c","Radial Velocity","La Silla Observatory",,,4962.00
"HD 181433 c","Radial Velocity","La Silla Observatory",,,
"HD 181433 c","Radial Velocity","La Silla Observatory",,,4962.00
"HD 181433 c","Radial Velocity","La Silla Observatory",,,
"HD 181433 d","Radial Velocity","La Silla Observatory",,,
"HD 181433 d","Radial Velocity","La Silla Observatory",,,4929.63
"HD 181433 d","Radial Velocity","La Silla Observatory",,,4962.00
"HD 181433 d","Radial Velocity","La Silla Observatory",,,
"HD 181433 d","Radial Velocity","La Silla Observatory",,,
"HD 181433 d","Radial Velocity","La Silla Observatory",,,4962.00
"HD 181720 b","Radial Velocity","La Silla Observatory",,,5781.00
"HD 181720 b","Radial Velocity","La Silla Observatory",,,5736.00
"HD 190647 b","Radial Velocity","La Silla Observatory",,,5656.00
"HD 190647 b","Radial Velocity","La Silla Observatory",,,5640.00
"HD 190647 b","Radial Velocity","La Silla Observatory",,,5628.00
"HD 190984 b","Radial Velocity","La Silla Observatory",,,5988.00
"HD 190984 b","Radial Velocity","La Silla Observatory",,,5988.00
"HD 192263 b","Radial Velocity","La Silla Observatory",,,
"HD 192263 b","Radial Velocity","La Silla Observatory",,,4995.00
"HD 192263 b","Radial Velocity","La Silla Observatory",,,
"HD 192263 b","Radial Velocity","La Silla Observatory",,,4998.15
"HD 192263 b","Radial Velocity","La Silla Observatory",,,4975.00
"HD 192263 b","Radial Velocity","La Silla Observatory",,,4996.00
"HD 192263 b","Radial Velocity","La Silla Observatory",,,4976.00
"HD 192263 b","Radial Velocity","La Silla Observatory",,486.00,
"HD 192310 b","Radial Velocity","La Silla Observatory",,355.00,5166.00
"HD 192310 b","Radial Velocity","La Silla Observatory",,,5144.00
"HD 192310 b","Radial Velocity","La Silla Observatory",,,5087.00
"HD 192310 b","Radial Velocity","La Silla Observatory",,,5181.11
"HD 192310 c","Radial Velocity","La Silla Observatory",,,5087.00
"HD 192310 c","Radial Velocity","La Silla Observatory",,185.00,5166.00
"HD 19994 b","Radial Velocity","La Silla Observatory",,,6188.00
"HD 19994 b","Radial Velocity","La Silla Observatory",,,6217.00
"HD 20003 b","Radial Velocity","La Silla Observatory",,,5494.00
"HD 20003 c","Radial Velocity","La Silla Observatory",,,5494.00
"HD 202206 c","Radial Velocity","La Silla Observatory",,,
"HD 202206 c","Radial Velocity","La Silla Observatory",,,
"HD 202206 c","Radial Velocity","La Silla Observatory",,,5766.00
"HD 204313 b","Radial Velocity","La Silla Observatory",,,5767.00
"HD 204313 b","Radial Velocity","La Silla Observatory",,,5783.00
"HD 204313 b","Radial Velocity","La Silla Observatory",,,5776.00
"HD 204313 b","Radial Velocity","La Silla Observatory",,,5760.00
"HD 204313 b","Radial Velocity","La Silla Observatory",,,
"HD 204313 b","Radial Velocity","La Silla Observatory",,,5767.00
"HD 204313 c","Radial Velocity","La Silla Observatory",,,5776.00
"HD 204313 c","Radial Velocity","La Silla Observatory",,,
"HD 204941 b","Radial Velocity","La Silla Observatory",,,5026.00
"HD 204941 b","Radial Velocity","La Silla Observatory",,,5056.00
"HD 20781 b","Radial Velocity","La Silla Observatory",,,5256.00
"HD 20781 c","Radial Velocity","La Silla Observatory",,,5256.00
"HD 20794 b","Radial Velocity","La Silla Observatory",,,5432.00
"HD 20794 b","Radial Velocity","La Silla Observatory",,,
"HD 20794 b","Radial Velocity","La Silla Observatory",,660.00,5401.00
"HD 20794 b","Radial Velocity","La Silla Observatory",,,5368.00
"HD 20794 d","Radial Velocity","La Silla Observatory",,,5432.00
"HD 20794 d","Radial Velocity","La Silla Observatory",,,
"HD 20794 d","Radial Velocity","La Silla Observatory",,,5368.00
"HD 20794 d","Radial Velocity","La Silla Observatory",,388.00,5401.00
"HD 20868 b","Radial Velocity","La Silla Observatory",,,4795.00
"HD 20868 b","Radial Velocity","La Silla Observatory",,,4802.00
"HD 212301 b","Radial Velocity","La Silla Observatory",,,6239.00
"HD 212301 b","Radial Velocity","La Silla Observatory",,,6256.00
"HD 213240 b","Radial Velocity","La Silla Observatory",,,5975.00
"HD 213240 b","Radial Velocity","La Silla Observatory",,,5979.00
"HD 213240 b","Radial Velocity","La Silla Observatory",,,5975.00
"HD 215152 b","Radial Velocity","La Silla Observatory",,,4935.00
"HD 215152 b","Radial Velocity","La Silla Observatory",,,
"HD 215152 c","Radial Velocity","La Silla Observatory",,,
"HD 215152 c","Radial Velocity","La Silla Observatory",,,4935.00
"HD 215497 b","Radial Velocity","La Silla Observatory",,,5113.00
"HD 215497 b","Radial Velocity","La Silla Observatory",,,
"HD 215497 b","Radial Velocity","La Silla Observatory",,,5110.00
"HD 215497 c","Radial Velocity","La Silla Observatory",,,5113.00
"HD 215497 c","Radial Velocity","La Silla Observatory",,,
"HD 216770 b","Radial Velocity","La Silla Observatory",,,5399.00
"HD 216770 b","Radial Velocity","La Silla Observatory",,,
"HD 21693 b","Radial Velocity","La Silla Observatory",,,5430.00
"HD 21693 c","Radial Velocity","La Silla Observatory",,,5430.00
"HD 217786 b","Radial Velocity","La Silla Observatory",,,5966.00
"HD 217786 b","Radial Velocity","La Silla Observatory",,,5966.00
"HD 217786 b","Radial Velocity","La Silla Observatory",,,
"HD 219828 b","Radial Velocity","La Silla Observatory",,,5869.00
"HD 219828 b","Radial Velocity","La Silla Observatory",,,5891.00
"HD 219828 b","Radial Velocity","La Silla Observatory",,,5807.00
"HD 219828 b","Radial Velocity","La Silla Observatory",,,5891.00
"HD 219828 b","Radial Velocity","La Silla Observatory",,,
"HD 221287 b","Radial Velocity","La Silla Observatory",,,6304.00
"HD 25171 b","Radial Velocity","La Silla Observatory",,,6125.00
"HD 25171 b","Radial Velocity","La Silla Observatory",,,6160.00
"HD 2638 b","Radial Velocity","La Silla Observatory",,,5192.00
"HD 2638 b","Radial Velocity","La Silla Observatory",,,5186.00
"HD 2638 b","Radial Velocity","La Silla Observatory",,,
"HD 27894 b","Radial Velocity","La Silla Observatory",,,4875.00
"HD 27894 b","Radial Velocity","La Silla Observatory",,,
"HD 27894 b","Radial Velocity","La Silla Observatory",,,
"HD 27894 b","Radial Velocity","La Silla Observatory",,,
"HD 27894 b","Radial Velocity","La Silla Observatory",,,
"HD 28185 b","Radial Velocity","La Silla Observatory",,,5622.00
"HD 28185 b","Radial Velocity","La Silla Observatory",,,5546.00
"HD 28185 b","Radial Velocity","La Silla Observatory",,,
"HD 28185 b","Radial Velocity","La Silla Observatory",,,
"HD 28185 b","Radial Velocity","La Silla Observatory",,,5705.00
"HD 28185 b","Radial Velocity","La Silla Observatory",,,5662.00
"HD 28185 b","Radial Velocity","La Silla Observatory",,,5602.00
"HD 28254 b","Radial Velocity","La Silla Observatory",,,5664.00
"HD 28254 b","Radial Velocity","La Silla Observatory",,,
"HD 285968 b","Radial Velocity","La Silla Observatory",,,3543.00
"HD 285968 b","Radial Velocity","La Silla Observatory",,,3703.49
"HD 285968 b","Radial Velocity","La Silla Observatory",,450.00,
"HD 290327 b","Radial Velocity","La Silla Observatory",,,5552.00
"HD 290327 b","Radial Velocity","La Silla Observatory",,,5505.00
"HD 31527 b","Radial Velocity","La Silla Observatory",,,5898.00
"HD 31527 c","Radial Velocity","La Silla Observatory",,,5898.00
"HD 31527 d","Radial Velocity","La Silla Observatory",,,5898.00
"HD 330075 b","Radial Velocity","La Silla Observatory",,990.00,5017.00
"HD 330075 b","Radial Velocity","La Silla Observatory",,,5000.00
"HD 106515 A b","Radial Velocity","La Silla Observatory",,,
"HD 106515 A b","Radial Velocity","La Silla Observatory",,,5362.00
"HD 106515 A b","Radial Velocity","La Silla Observatory",,,5364.00
"HD 106515 A b","Radial Velocity","La Silla Observatory",,,
"HD 166724 b","Radial Velocity","La Silla Observatory",,,5127.00
"HD 166724 b","Radial Velocity","La Silla Observatory",,,5127.00
"HD 196067 b","Radial Velocity","La Silla Observatory",,,6017.00
"HD 196067 b","Radial Velocity","La Silla Observatory",,,
"HD 196067 b","Radial Velocity","La Silla Observatory",,,6072.00
"HD 220689 b","Radial Velocity","La Silla Observatory",,,5921.00
"HD 220689 b","Radial Velocity","La Silla Observatory",,,5921.00
"HD 220689 b","Radial Velocity","La Silla Observatory",,,5921.00
"HD 27631 b","Radial Velocity","La Silla Observatory",,,5737.00
"HD 27631 b","Radial Velocity","La Silla Observatory",,,5737.00
"HD 27631 b","Radial Velocity","La Silla Observatory",,,5737.00
"HD 65216 c","Radial Velocity","La Silla Observatory",,,5612.00
"HD 98649 b","Radial Velocity","La Silla Observatory",,,
"HD 98649 b","Radial Velocity","La Silla Observatory",,,
"HD 98649 b","Radial Velocity","La Silla Observatory",,,5790.00
"HD 98649 b","Radial Velocity","La Silla Observatory",,,5759.00
"HIP 5158 c","Radial Velocity","La Silla Observatory",,,4813.00
"GJ 3470 b","Radial Velocity","La Silla Observatory",3.88000000,604.00,3652.00
"GJ 3470 b","Radial Velocity","La Silla Observatory",4.57000000,593.50,3600.00
"GJ 3470 b","Radial Velocity","La Silla Observatory",4.20000000,615.00,3600.00
"GJ 3470 b","Radial Velocity","La Silla Observatory",3.88000000,615.00,3652.00
"GJ 3470 b","Radial Velocity","La Silla Observatory",,,3552.00
"GJ 3470 b","Radial Velocity","La Silla Observatory",,,3552.00
"GJ 3470 b","Radial Velocity","La Silla Observatory",4.32000000,,
"GJ 3470 b","Radial Velocity","La Silla Observatory",,,3600.00
"GJ 3470 b","Radial Velocity","La Silla Observatory",4.13050781,595.19,3552.00
"GJ 3470 b","Radial Velocity","La Silla Observatory",,,3552.00
"GJ 3470 b","Radial Velocity","La Silla Observatory",4.83000000,,3600.00
"HD 77338 b","Radial Velocity","La Silla Observatory",,,5341.00
"HD 77338 b","Radial Velocity","La Silla Observatory",,,5370.00
"HD 40307 f","Radial Velocity","La Silla Observatory",,,4977.00
"HD 40307 f","Radial Velocity","La Silla Observatory",,398.00,4867.44
"HD 40307 f","Radial Velocity","La Silla Observatory",,,4956.00
"HD 40307 g","Radial Velocity","La Silla Observatory",,255.00,4867.44
"HD 40307 g","Radial Velocity","La Silla Observatory",,,4956.00
"GJ 676 A d","Radial Velocity","La Silla Observatory",,,
"GJ 676 A d","Radial Velocity","La Silla Observatory",,,
"GJ 676 A d","Radial Velocity","La Silla Observatory",,,
"GJ 676 A e","Radial Velocity","La Silla Observatory",,,
"GJ 676 A e","Radial Velocity","La Silla Observatory",,,
"GJ 676 A e","Radial Velocity","La Silla Observatory",,,
"BD-06 1339 b","Radial Velocity","La Silla Observatory",,,
"BD-06 1339 b","Radial Velocity","La Silla Observatory",,,4324.00
"BD-06 1339 c","Radial Velocity","La Silla Observatory",,,4324.00
"HD 103774 b","Radial Velocity","La Silla Observatory",,,6489.00
"HD 109271 b","Radial Velocity","La Silla Observatory",,,5783.00
"HD 109271 c","Radial Velocity","La Silla Observatory",,,5783.00
"HD 219077 b","Radial Velocity","La Silla Observatory",,,
"HD 219077 b","Radial Velocity","La Silla Observatory",,,5362.00
"HD 219077 b","Radial Velocity","La Silla Observatory",,,5362.00
"HD 219077 b","Radial Velocity","La Silla Observatory",,,5364.00
"GJ 163 b","Radial Velocity","La Silla Observatory",,,
"GJ 163 c","Radial Velocity","La Silla Observatory",,,
"GJ 163 d","Radial Velocity","La Silla Observatory",,,
"GJ 667 C e","Radial Velocity","La Silla Observatory",,,3350.00
"GJ 667 C f","Radial Velocity","La Silla Observatory",,,3350.00
"GJ 667 C g","Radial Velocity","La Silla Observatory",,,3350.00
"POTS-1 b","Transit","La Silla Observatory",10.54800000,,4400.00
"GJ 3293 b","Radial Velocity","La Silla Observatory",,,3466.00
"GJ 3293 b","Radial Velocity","La Silla Observatory",,,3466.00
"GJ 3293 c","Radial Velocity","La Silla Observatory",,,3466.00
"GJ 3293 c","Radial Velocity","La Silla Observatory",,,3466.00
"GJ 3341 b","Radial Velocity","La Silla Observatory",,,3526.00
"HD 564 b","Radial Velocity","La Silla Observatory",,,5902.00
"HD 30669 b","Radial Velocity","La Silla Observatory",,,5400.00
"HD 108341 b","Radial Velocity","La Silla Observatory",,,5122.00
"HD 108341 b","Radial Velocity","La Silla Observatory",,,5122.00
"HD 103720 b","Radial Velocity","La Silla Observatory",,,5017.00
"BD-11 4672 b","Radial Velocity","La Silla Observatory",,,4475.00
"BD-11 4672 b","Radial Velocity","La Silla Observatory",,,4550.00
"WASP-47 c","Radial Velocity","La Silla Observatory",,,5552.00
"WASP-47 c","Radial Velocity","La Silla Observatory",,219.30,5476.00
"WASP-47 c","Radial Velocity","La Silla Observatory",,,5576.00
"WASP-47 c","Radial Velocity","La Silla Observatory",,,
"WASP-47 c","Radial Velocity","La Silla Observatory",,,5552.00
"WASP-47 c","Radial Velocity","La Silla Observatory",,247.00,5576.00
"WASP-47 c","Radial Velocity","La Silla Observatory",,,5552.00
"WASP-41 c","Radial Velocity","La Silla Observatory",,241.00,5545.00
"HD 175607 b","Radial Velocity","La Silla Observatory",,,
"HD 175607 b","Radial Velocity","La Silla Observatory",,,5392.00
"Wolf 1061 b","Radial Velocity","La Silla Observatory",,,3342.00
"Wolf 1061 b","Radial Velocity","La Silla Observatory",,,3393.00
"Wolf 1061 c","Radial Velocity","La Silla Observatory",,,3342.00
"Wolf 1061 c","Radial Velocity","La Silla Observatory",,,3393.00
"Wolf 1061 d","Radial Velocity","La Silla Observatory",,,3342.00
"Wolf 1061 d","Radial Velocity","La Silla Observatory",,,3393.00
"TRAPPIST-1 b","Transit","La Silla Observatory",,366.00,
"TRAPPIST-1 b","Transit","La Silla Observatory",1.20389172,802.86,5780.00
"TRAPPIST-1 b","Transit","La Silla Observatory",,397.60,2520.00
"TRAPPIST-1 b","Transit","La Silla Observatory",1.11600000,,2566.00
"TRAPPIST-1 b","Transit","La Silla Observatory",1.12100000,,
"TRAPPIST-1 b","Transit","La Silla Observatory",,,2566.00
"TRAPPIST-1 b","Transit","La Silla Observatory",,,
"TRAPPIST-1 b","Transit","La Silla Observatory",1.11300000,400.00,2550.00
"TRAPPIST-1 b","Transit","La Silla Observatory",1.08600000,400.10,2559.00
"TRAPPIST-1 c","Transit","La Silla Observatory",1.04900000,342.00,2550.00
"TRAPPIST-1 c","Transit","La Silla Observatory",,339.70,2520.00
"TRAPPIST-1 c","Transit","La Silla Observatory",1.05600000,341.90,2559.00
"TRAPPIST-1 c","Transit","La Silla Observatory",1.09700000,,2566.00
"TRAPPIST-1 c","Transit","La Silla Observatory",,,2566.00
"TRAPPIST-1 c","Transit","La Silla Observatory",1.09500000,,
"TRAPPIST-1 c","Transit","La Silla Observatory",,315.00,
"TRAPPIST-1 d","Transit","La Silla Observatory",0.77200000,288.00,2559.00
"TRAPPIST-1 d","Transit","La Silla Observatory",0.80400000,286.00,2566.00
"TRAPPIST-1 d","Transit","La Silla Observatory",0.78400000,,
"TRAPPIST-1 d","Transit","La Silla Observatory",,286.20,2520.00
"TRAPPIST-1 d","Transit","La Silla Observatory",0.78800000,,2566.00
"NGC 2682 YBP 401 b","Radial Velocity","La Silla Observatory",,,6165.00
"NGC 2682 YBP 401 b","Radial Velocity","La Silla Observatory",,,6165.00
"HD 111998 b","Radial Velocity","La Silla Observatory",,,6557.00
"HD 111998 b","Radial Velocity","La Silla Observatory",,,
"GJ 536 b","Radial Velocity","La Silla Observatory",,,3674.00
"GJ 536 b","Radial Velocity","La Silla Observatory",,,3685.00
"GJ 536 b","Radial Velocity","La Silla Observatory",,451.00,3641.00
"GJ 3138 b","Radial Velocity","La Silla Observatory",,,3717.00
"GJ 3138 c","Radial Velocity","La Silla Observatory",,,3717.00
"GJ 3138 d","Radial Velocity","La Silla Observatory",,,3717.00
"GJ 3323 b","Radial Velocity","La Silla Observatory",,,3159.00
"GJ 3323 c","Radial Velocity","La Silla Observatory",,,3159.00
"GJ 273 b","Radial Velocity","La Silla Observatory",,,3382.00
"GJ 273 c","Radial Velocity","La Silla Observatory",,,3382.00
"GJ 3293 d","Radial Velocity","La Silla Observatory",,,3466.00
"GJ 3293 e","Radial Velocity","La Silla Observatory",,,3466.00
"HD 27894 c","Radial Velocity","La Silla Observatory",,,
"HD 27894 d","Radial Velocity","La Silla Observatory",,,
"HD 27894 d","Radial Velocity","La Silla Observatory",,,
"HD 27894 d","Radial Velocity","La Silla Observatory",,,
"HD 177565 b","Radial Velocity","La Silla Observatory",,,
"YZ Cet b","Radial Velocity","La Silla Observatory",,471.20,3151.00
"YZ Cet b","Radial Velocity","La Silla Observatory",,,
"YZ Cet b","Radial Velocity","La Silla Observatory",,,3056.00
"YZ Cet c","Radial Velocity","La Silla Observatory",,410.30,3151.00
"YZ Cet c","Radial Velocity","La Silla Observatory",,,3056.00
"YZ Cet c","Radial Velocity","La Silla Observatory",,,
"YZ Cet d","Radial Velocity","La Silla Observatory",,356.70,3151.00
"YZ Cet d","Radial Velocity","La Silla Observatory",,,
"YZ Cet d","Radial Velocity","La Silla Observatory",,,3056.00
"Ross 128 b","Radial Velocity","La Silla Observatory",,301.00,3192.00
"K2-18 c","Radial Velocity","La Silla Observatory",,363.00,3457.00
"HD 215152 d","Radial Velocity","La Silla Observatory",,,4935.00
"HD 215152 d","Radial Velocity","La Silla Observatory",,,
"HD 215152 e","Radial Velocity","La Silla Observatory",,,
"HD 215152 e","Radial Velocity","La Silla Observatory",,,4935.00
"GJ 1132 c","Radial Velocity","La Silla Observatory",,300.00,3270.00
"IC 4651 9122 b","Radial Velocity","La Silla Observatory",,,
"HD 20781 d","Radial Velocity","La Silla Observatory",,,5256.00
"HD 20781 e","Radial Velocity","La Silla Observatory",,,5256.00
"HD 45184 c","Radial Velocity","La Silla Observatory",,,5869.00
"HD 45184 c","Radial Velocity","La Silla Observatory",,,5820.13
"HD 181234 b","Radial Velocity","La Silla Observatory",,,
"HD 181234 b","Radial Velocity","La Silla Observatory",,,5386.00
"HD 181234 b","Radial Velocity","La Silla Observatory",,,
"HD 181234 b","Radial Velocity","La Silla Observatory",,,5372.83
"HD 181234 b","Radial Velocity","La Silla Observatory",,,5386.00
"HD 25015 b","Radial Velocity","La Silla Observatory",,,5160.00
"HD 25015 b","Radial Velocity","La Silla Observatory",,,
"HD 25015 b","Radial Velocity","La Silla Observatory",,,5160.00
"HD 50499 c","Radial Velocity","La Silla Observatory",,,6099.00
"HD 50499 c","Radial Velocity","La Silla Observatory",,,5978.10
"HD 92788 c","Radial Velocity","La Silla Observatory",,,5744.00
"HD 92788 c","Radial Velocity","La Silla Observatory",,,5702.25
"bet Pic c","Radial Velocity","La Silla Observatory",,1250.00,
"bet Pic c","Radial Velocity","La Silla Observatory",,,
"bet Pic c","Radial Velocity","La Silla Observatory",,,
"eps Ind A b","Radial Velocity","La Silla Observatory",,,
"eps Ind A b","Radial Velocity","La Silla Observatory",,275.00,4760.00
"DMPP-1 b","Radial Velocity","La Silla Observatory",,,
"DMPP-1 b","Radial Velocity","La Silla Observatory",,877.00,6196.00
"DMPP-1 c","Radial Velocity","La Silla Observatory",,,
"DMPP-1 c","Radial Velocity","La Silla Observatory",,1239.00,6196.00
"DMPP-1 d","Radial Velocity","La Silla Observatory",,,
"DMPP-1 d","Radial Velocity","La Silla Observatory",,1632.00,6196.00
"DMPP-1 e","Radial Velocity","La Silla Observatory",,1314.00,6196.00
"DMPP-3 A b","Radial Velocity","La Silla Observatory",,,
"DMPP-3 A b","Radial Velocity","La Silla Observatory",,854.00,5123.00
"DMPP-3 A b","Radial Velocity","La Silla Observatory",,854.00,5138.00
"GJ 1061 b","Radial Velocity","La Silla Observatory",,,2953.00
"GJ 1061 b","Radial Velocity","La Silla Observatory",,,2953.00
"GJ 1061 c","Radial Velocity","La Silla Observatory",,,2953.00
"GJ 1061 c","Radial Velocity","La Silla Observatory",,,2953.00
"GJ 1061 d","Radial Velocity","La Silla Observatory",,,2953.00
"GJ 1061 d","Radial Velocity","La Silla Observatory",,,2953.00
"GJ 887 b","Radial Velocity","La Silla Observatory",,,3680.00
"GJ 887 b","Radial Velocity","La Silla Observatory",,468.00,3688.00
"GJ 887 b","Radial Velocity","La Silla Observatory",,426.00,3688.00
"GJ 887 c","Radial Velocity","La Silla Observatory",,320.00,3688.00
"GJ 887 c","Radial Velocity","La Silla Observatory",,,3680.00
"GJ 887 c","Radial Velocity","La Silla Observatory",,352.00,3688.00
"HD 110113 c","Radial Velocity","La Silla Observatory",,990.00,5732.00
"HD 110113 c","Radial Velocity","La Silla Observatory",2.11384817,951.65,6003.00
"TOI-431 c","Radial Velocity","La Silla Observatory",,867.00,4850.00
"TOI-1062 c","Radial Velocity","La Silla Observatory",,859.00,5328.00
"HD 39194 b","Radial Velocity","La Silla Observatory",,,
"HD 39194 b","Radial Velocity","La Silla Observatory",,,5205.00
"HD 39194 c","Radial Velocity","La Silla Observatory",,,
"HD 39194 c","Radial Velocity","La Silla Observatory",,,5205.00
"HD 39194 d","Radial Velocity","La Silla Observatory",,,
"HD 39194 d","Radial Velocity","La Silla Observatory",,,5205.00
"HD 93385 b","Radial Velocity","La Silla Observatory",,,5977.00
"HD 93385 c","Radial Velocity","La Silla Observatory",,,5977.00
"HD 93385 d","Radial Velocity","La Silla Observatory",,,5977.00
"HD 96700 b","Radial Velocity","La Silla Observatory",,,5845.00
"HD 96700 c","Radial Velocity","La Silla Observatory",,,5845.00
"HD 96700 d","Radial Velocity","La Silla Observatory",,,5845.00
"HD 154088 b","Radial Velocity","La Silla Observatory",,,5374.00
"HD 189567 b","Radial Velocity","La Silla Observatory",,,5726.00
"HD 189567 b","Radial Velocity","La Silla Observatory",,,5730.00
"HD 189567 c","Radial Velocity","La Silla Observatory",,,5726.00
"HD 189567 c","Radial Velocity","La Silla Observatory",,,5730.00
"HD 29399 b","Radial Velocity","La Silla Observatory",,,4845.00
"HD 29399 b","Radial Velocity","La Silla Observatory",,,4845.00
"HD 22532 b","Radial Velocity","La Silla Observatory",,,5038.00
"HD 64121 b","Radial Velocity","La Silla Observatory",,,5078.00
"HD 69123 b","Radial Velocity","La Silla Observatory",,,4842.00
"HD 69123 b","Radial Velocity","La Silla Observatory",,,4842.00
"iot Dra c","Radial Velocity","La Silla Observatory",,,4504.00
"TOI-500 c","Radial Velocity","La Silla Observatory",,,4440.00
"TOI-500 d","Radial Velocity","La Silla Observatory",,,4440.00
"TOI-500 e","Radial Velocity","La Silla Observatory",,,4440.00
"pi Men d","Radial Velocity","La Silla Observatory",,,5998.00
"pi Men d","Radial Velocity","La Silla Observatory",,,5982.00
"HD 103891 b","Radial Velocity","La Silla Observatory",,,6072.00
"HD 103891 b","Radial Velocity","La Silla Observatory",,,6072.00
"HD 105779 b","Radial Velocity","La Silla Observatory",,,5792.00
"CoRoT-7 d","Radial Velocity","La Silla Observatory",,,5250.00
"HD 114082 b","Radial Velocity","La Silla Observatory",11.20898070,,6651.00
"HIP 54597 b","Radial Velocity","La Silla Observatory",,,4799.00
"HIP 54597 b","Radial Velocity","La Silla Observatory",,,
"BD-210397 b","Radial Velocity","La Silla Observatory",,,4051.00
"BD-210397 c","Radial Velocity","La Silla Observatory",,,4051.00
"BD-210397 c","Radial Velocity","La Silla Observatory",,,
"BD-210397 c","Radial Velocity","La Silla Observatory",,,
"HD 74698 b","Radial Velocity","La Silla Observatory",,,5783.00
"HD 74698 c","Radial Velocity","La Silla Observatory",,,5783.00
"HD 94771 b","Radial Velocity","La Silla Observatory",,,5631.00
"GJ 367 c","Radial Velocity","La Silla Observatory",,,3522.00
"GJ 367 d","Radial Velocity","La Silla Observatory",,,3522.00
"HD 75302 b","Radial Velocity","La Silla Observatory",,,
"HD 108202 b","Radial Velocity","La Silla Observatory",,,
"HD 108202 b","Radial Velocity","La Silla Observatory",,,
"HD 135625 b","Radial Velocity","La Silla Observatory",,,
"HD 185283 b","Radial Velocity","La Silla Observatory",,,
"HD 73256 c","Radial Velocity","La Silla Observatory",,,
"TOI-544 c","Radial Velocity","La Silla Observatory",,,4169.00
"TOI-2458 c","Radial Velocity","La Silla Observatory",,,6005.00
"HD 20794 e","Radial Velocity","La Silla Observatory",,,
"GJ 2126 b","Radial Velocity","La Silla Observatory",,,4159.00
"HD 87816 b","Radial Velocity","La Silla Observatory",,,4989.00
"HD 87816 c","Radial Velocity","La Silla Observatory",,,4989.00
"HD 94890 b","Radial Velocity","La Silla Observatory",,,4867.00
"HD 94890 c","Radial Velocity","La Silla Observatory",,,4867.00
"HD 102888 b","Radial Velocity","La Silla Observatory",,,4990.00
"TOI-1117 c","Radial Velocity","La Silla Observatory",,1210.00,5635.00
"TOI-1117 d","Radial Velocity","La Silla Observatory",,978.00,5635.00
"Proxima Cen d","Radial Velocity","La Silla Observatory",,282.00,2900.00
"Proxima Cen d","Radial Velocity","La Silla Observatory",,,2900.00
"HD 28471 b","Radial Velocity","La Silla Observatory",,1377.00,5766.00
"HD 28471 c","Radial Velocity","La Silla Observatory",,1066.00,5766.00
"HD 28471 d","Radial Velocity","La Silla Observatory",,945.00,5766.00
"TOI-1203 b","Radial Velocity","La Silla Observatory",1.52000000,1361.20,5737.00
"TOI-1203 c","Radial Velocity","La Silla Observatory",,,5737.00
"TOI-1203 e","Radial Velocity","La Silla Observatory",,,5737.00
"TOI-756 c","Radial Velocity","La Silla Observatory",,194.00,3657.00
"HD 23079 c","Radial Velocity","La Silla Observatory",,,5994.00
"HD 196067 c","Radial Velocity","La Silla Observatory",,,6072.00
